商品コード,商品名,在庫状況,JANコード,最安値,発売日,売り切れ
B000YDIYHY,This Is Your Life [7 inch Analog],Amazon.co.jp,0893775001187,890,1,
B000Q7ZJ2Q,Please Yourself [7 inch Analog],Amazon.co.jp,5050693165574,890,,
B000MRA830,Solta Frango [12 inch Analog],Amazon.co.jp,5034202124962,890,,
B000MRA82Q,Solta Frango,Amazon.co.jp,5034202124924,890,,
B000IB0EM0,Out of the Blue,Amazon.co.jp,5024545404128,890,,
B000IB0EK2,Remixes [12 inch Analog],Amazon.co.jp,5029684086662,890,,
B000HDRA7Q,Cloud 9,Amazon.co.jp,5029684075628,890,2006/10/29,
B000H80KSW,Oh Jah,Amazon.co.jp,5060063894324,890,,
B000BGFBUM,This Feelin [12 inch Analog],Amazon.co.jp,5060065580386,890,,
B00067ZPN4,...and Dance [12 inch Analog],Amazon.co.jp,5028589021167,890,,
B00067ZPMU,...and Dance [7 inch Analog],Amazon.co.jp,5028589021174,890,,
B00067ZPMK,...and Dance,Amazon.co.jp,5028589021129,890,,
B0000ALSFY,A Minha Menina [7 inch Analog],Amazon.co.jp,5028589019775,890,,
B00J4US6FI,Brand-New Style【タイプC】,Amazon.co.jp,4582296851123,1000,,
B001DDSSC0,12 O'clock [7 inch Analog],Amazon.co.jp,5060147580068,941,2020/01/01,1
B01N5RE8JO,「結城友奈は勇者である -鷲尾須美の章-」第3章「やくそく」エンディングテーマ やくそく,Amazon.co.jp,4988013277595,1000,2017/07/05,
B01N7W2LWS,アネモネ,Amazon.co.jp,4580450471019,1000,2017/05/24,
B01N9VQLNH,ふるさと抄/迷い川/女の川,Amazon.co.jp,4988008253542,1000,2017/05/17,
B01N7WD9ZY,長持祝い唄/望郷旅鴉/おやじ先生,Amazon.co.jp,4988008252644,1000,2017/05/17,
B01N7WEIQT,柿田川/落ち葉舟/一夜川,Amazon.co.jp,4988008253948,1000,2017/05/17,
B01N26JZIP,ひだまり/いにしえの旅人/男の花火,Amazon.co.jp,4988008253245,1000,2017/05/17,
B01N26JYAE,津軽の友/勝海舟/南部望郷歌,Amazon.co.jp,4988008253740,1000,2017/05/17,
B01MZE0RZT,哀愁物語/運命の女/函館哀愁,Amazon.co.jp,4988008254044,1000,2017/05/17,
B01N9VWWSM,吹雪の宿/なみだの桟橋/面影橋,Amazon.co.jp,4988008253344,1000,2017/05/17,
B01MYCFE2A,山吹の花/泣いてください/おぼろ月,Amazon.co.jp,4988008254440,1000,2017/05/17,
B01N7W7D3W,ほんま云うたら何やけど/木の葉舟/紅吹雪,Amazon.co.jp,4988008253146,1000,2017/05/17,
B01N6V5G9S,港のリリー/涙の果てに/北の居酒屋,Amazon.co.jp,4988008252941,1000,2017/05/17,
B01N383L2S,こんな夜はせつなくて/こころ こわれそう/いつも会いたくなる人,Amazon.co.jp,4988008254242,1000,2017/05/17,
B01N26JZND,忘れ雪/札幌・東京/津軽恋人形,Amazon.co.jp,4988008253641,1000,2017/05/17,
B01MZE0NUD,がんばれ援歌/そんなに昔のことじゃない/母さん生きて,Amazon.co.jp,4988008254549,1000,2017/05/17,
B01MYCFGE1,父子じゃないか/娘に/港,Amazon.co.jp,4988008253047,1000,2017/05/17,
B01MYCFF26,五山の送り火/桂川/荒波,Amazon.co.jp,4988008254341,1000,2017/05/17,
B01MTD9HK0,東京砂漠に咲いた花/思慕酒/独酌酒,Amazon.co.jp,4988008253849,1000,2017/05/17,
B01MTD9F0I,おまえが命/おまえに逢えて/神戸の夜,Amazon.co.jp,4988008254143,1000,2017/05/17,
B01MSBMMBP,いのちの理由/心くばり/涙の隣に座ってごらん,Amazon.co.jp,4988008253443,1000,2017/05/17,
B01MRA8CCX,望郷千里/挽歌の岬/国東半島,Amazon.co.jp,4988008252842,1000,2017/05/17,
B01MRA89TF,細雪/倖せさがして/おはん,Amazon.co.jp,4988008252743,1000,2017/05/17,
B06WRSLZHG,UTAGEI/奇跡はすでに生まれてる(通常盤CD(Type-D)),Amazon.co.jp,4589762660104,1000,2017/05/16,
B06WRSLSJZ,UTAGEI/奇跡はすでに生まれてる(通常盤CD(Type-A)),Amazon.co.jp,4589762660074,1000,2017/05/16,
B06WLM71QG,UTAGEI/奇跡はすでに生まれてる(通常盤CD(Type-C)),Amazon.co.jp,4589762660098,1000,2017/05/16,
B06VWBHCRM,UTAGEI/奇跡はすでに生まれてる(通常盤CD(Type-E)),Amazon.co.jp,4589762660111,1000,2017/05/16,
B06VVVJZ7N,UTAGEI/奇跡はすでに生まれてる(通常盤CD(Type-B)),Amazon.co.jp,4589762660081,1000,2017/05/16,
B06WP2WPJF,DO PARTY(通常盤),Amazon.co.jp,4988061896175,1000,2017/05/10,
B06X3WRSM1,Beautiful Life(Cタイプ),Amazon.co.jp,4562357502584,1000,2017/05/09,
B06X3T8453,UPDATE(”平野泰新”盤)(初回限定盤),Amazon.co.jp,4988031218112,1000,2017/05/03,
B06WLJNMT2,UPDATE(”大城光”盤)(初回限定盤),Amazon.co.jp,4988031218099,1000,2017/05/03,
B06WLJN94K,UPDATE(”阿部周平”盤)(初回限定盤),Amazon.co.jp,4988031218105,1000,2017/05/03,
B06VTMZCKL,UPDATE(”永田薫”盤)(初回限定盤),Amazon.co.jp,4988031218082,1000,2017/05/03,
B06W53YLKF,UPDATE(”西岡健吾”盤)(初回限定盤),Amazon.co.jp,4988031218075,1000,2017/05/03,
B06VTMXCQD,UPDATE(通常盤),Amazon.co.jp,4988031218068,1000,2017/05/03,
B06X9LRVKP,ドキがムネムネ ~2回目の初恋~(TYPE-B),Amazon.co.jp,4948722526872,1000,2017/04/28,
B06X99DQN2,ドキがムネムネ ~2回目の初恋~(TYPE-C),Amazon.co.jp,4948722526889,1000,2017/04/28,
B06WWMPT9S,ドキがムネムネ ~2回目の初恋~(TYPE-D),Amazon.co.jp,4948722526896,1000,2017/04/28,
B06WWKC6Q4,ドキがムネムネ ~2回目の初恋~(TYPE-A),Amazon.co.jp,4948722526865,1000,2017/04/28,
B06X927WQM,恋風-2017 Version-,Amazon.co.jp,4582243216760,800,2017/04/26,
B06X962CRR,永遠~ei-en~,Amazon.co.jp,4528847005652,1000,2017/04/26,
B06X3VQ5XB,ざけんなよ,Amazon.co.jp,4560306000990,991,2017/04/25,
B06WV7B1K4,奪われてサタデーナイト (type-B),Amazon.co.jp,4948722526582,991,2017/04/25,
B06WRN4G1J,奪われてサタデーナイト (type-A),Amazon.co.jp,4948722526575,991,2017/04/25,
B06WVP9VPJ,この世界にサヨナラして (Type-A),Amazon.co.jp,4997184975711,1000,2017/04/25,
B06WVL7649,この世界にサヨナラして (Type-C),Amazon.co.jp,4997184975735,1000,2017/04/25,
B06W5WY3V7,この世界にサヨナラして (Type-B),Amazon.co.jp,4997184975728,1000,2017/04/25,
B01N6QQCJC,この先へ! カラフルミラクルディスカバリー (TYPE B盤),Amazon.co.jp,4580341192528,1000,2017/04/25,
B01MZ9LFBZ,この先へ! カラフルミラクルディスカバリー (TYPE A盤),Amazon.co.jp,4580341192511,1000,2017/04/25,
B06X9JTRZR,乱舞 -RANBU-,Amazon.co.jp,4948722526964,991,2017/04/22,
B06VVHYVMB,【早期購入特典あり】9thシングル「タイトル未定」<通常盤>(メーカー多売:生写真付き),Amazon.co.jp,,1000,2017/04/19,
B01MRA8DQ5,大阪純情/Love〜抱きしめて/夜行列車,Amazon.co.jp,4988008251449,1000,2017/04/19,
B01MUGOSNB,FRONTIERS,Amazon.co.jp,4988064863389,1000,2017/04/19,
B01N19X4FJ,9thシングル「タイトル未定」<通常盤>,Amazon.co.jp,4988003503079,1000,2017/04/19,
B01N4S7D69,イギリス海岸/南部恋唄/みちのく平泉,Amazon.co.jp,4988008251746,1000,2017/04/19,
B01N6ZKHS7,afraid,Amazon.co.jp,4582308080954,1000,2017/04/19,
B01MZE0WO2,浪花節だよ人生は/湯島しぐれ/棟梁一代,Amazon.co.jp,4988008250848,1000,2017/04/19,
B01MTD9HTI,恋するだるま/見返り橋まで/大阪おばけ,Amazon.co.jp,4988008251548,1000,2017/04/19,
B01N9VP1DK,最上川恋唄/冬の花/蝶の道行,Amazon.co.jp,4988008251142,1000,2017/04/19,
B01N9VMIKL,長良川艶歌/千曲川/ふるさと,Amazon.co.jp,4988008250343,1000,2017/04/19,
B06X9N2JKG,BB,Amazon.co.jp,4580413075254,1000,2017/04/19,
B06X9GM6SQ,まっすぐに,Amazon.co.jp,4580413075247,1000,2017/04/19,
B06W9JB2R5,Time,Amazon.co.jp,4522197125824,1000,2017/04/19,
B01N9VR7Y7,こまっちゃうナ/15のBの指定席/真夜中のピエロ,Amazon.co.jp,4988008249644,1000,2017/04/19,
B01N9VL750,いたわり/撫子~なでしこ~/旅人,Amazon.co.jp,4988008251241,1000,2017/04/19,
B01N7WDASP,一の糸/夕霧草/金曜日の人,Amazon.co.jp,4988008251944,1000,2017/04/19,
B01N7WB7BJ,津軽平野/男酔い/と・も・子・・・,Amazon.co.jp,4988008250749,1000,2017/04/19,
B01N7W6I36,あんた/アケミという名で十八で/還暦祝い唄,Amazon.co.jp,4988008250145,1000,2017/04/19,
B01N4S7F4Q,海岸物語/ざんげの値打ちもない/雨の思い出,Amazon.co.jp,4988008250640,1000,2017/04/19,
B01N4S7CEF,男の水割り/歌一生/わがまま,Amazon.co.jp,4988008250947,1000,2017/04/19,
B01N383LKV,夫婦草/萩みれん/酒場情話,Amazon.co.jp,4988008250541,1000,2017/04/19,
B01MYCFGOM,この人生に/浮草日記/北のおんな節,Amazon.co.jp,4988008250442,1000,2017/04/19,
B01MYCFFJA,昭和名残り唄/男の未練/酒ごよみ,Amazon.co.jp,4988008251647,1000,2017/04/19,
B01MYCFF6O,大福マンの歌,Amazon.co.jp,4571217142952,1000,2017/04/19,
B01MYCFCYO,じょんがらロック/東京・ア・ゴ-・ゴ-/魂!!七変化,Amazon.co.jp,4988008252040,1000,2017/04/19,
B01MV3QLMM,ミチシルベ,Amazon.co.jp,4547366297478,1000,2017/04/19,
B01MUEUREZ,面影しぐれ/天/かえりの港,Amazon.co.jp,4988008251043,1000,2017/04/19,
B01MSBMONY,しあわせ尋ねびと/清滝川/厳冬よされ節,Amazon.co.jp,4988008251845,1000,2017/04/19,
B01MRA8CR2,おかえり・・・ただいま/おんなの長良川/露地しぐれ,Amazon.co.jp,4988008251340,1000,2017/04/19,
B06WP31GM9,君を守りきる(通常盤),Amazon.co.jp,4528847005645,1000,2017/04/18,
B01N4WTP78,Remember,Amazon.co.jp,4589699930028,909,2017/04/15,
B01N358910,ムクナソラ,Amazon.co.jp,4589699930035,1000,2017/04/15,
B01N52DZ2I,Morning Has Broken,Amazon.co.jp,5060230869568,981,2016/12/01,
B01N3609UT,「結城友奈は勇者である -鷲尾須美の章-」第2章「たましい」エンディングテーマ たましい,Amazon.co.jp,4988013277496,1000,2017/04/12,
B01NCW6XQD,World*Is*Beautiful (Type-E),Amazon.co.jp,4589762660050,1000,2017/04/11,
B000FVGMFG,Cold and Wet [12 inch Analog],Amazon.co.jp,5034202123569,1474,,
B0010DSHLK,Cheap & Cheerful [7 inch Analog],Amazon.co.jp,5034202128274,1097,,
B000AMSRH6,Paranoid,Amazon.co.jp,5021392432120,1704,,
B0009VAEKG,Touch Your Toes,Amazon.co.jp,5060065580126,1495,,
B0006Q0XLY,Bathtime in Clerkenwell,Amazon.co.jp,5413356455229,1296,,
B0000BXGBO,Ombres & Lumieres [12 inch Analog],Amazon.co.jp,5413356629637,1870,2003/09/11,
B00005MAD9,"Farewell, Farewell [7 inch Analog]",Amazon.co.jp,5055019900877,1507,,
B002EJ04K6,Promise,Amazon.co.jp,4580189022476,1543,,
B000062X7F,Abduction,Amazon.co.jp,7290008387125,1860,,
B005NJXCFS,銀の意志 金の翼,Amazon.co.jp,4540774408771,1234,,
B0196ADF3I,Feelin' Good,Amazon.co.jp,0888751787728,1510,,
B00004UXI0,Al Jonson - Moviestar Collec,Amazon.co.jp,0076119670427,1403,1995/03/27,
B00J4US61M,Brand-New Style【タイプB】,Amazon.co.jp,4582296851116,1800,,
B00GZ3RN7O,フル・フリークエンシー,Amazon.co.jp,4943674163205,1922,,
B01M0FM5U7,月と兎(初回生産限定盤),Amazon.co.jp,4547366277302,1700,,
B01KHO79KW,《発売延期未定》FISH! C/W  THIS COULD BE THE NIGHT (7inch) [Analog],Amazon.co.jp,4540399262123,1620,,
B01IHN6YHE,OLE COLTRANE - THE COMPLETE SESSION + 4 BONUS TRACKS,Amazon.co.jp,4526180392996,1980,,
B0170HGX4C,THE GREAT KAI & J.J.,Amazon.co.jp,4526180365136,1980,2016/04/19,
B00E7FSNKS,ティーザー,Amazon.co.jp,4547366202236,1944,,
B01HBYPPOS,THE BLUESIN' AROUND SESSIONS,Amazon.co.jp,4526180391883,1980,,
B01K4U1E14,メイキングス・オブ・ア・ドリーム,Amazon.co.jp,4526180386735,1998,,
B01NGYYJ89,1234,Amazon.co.jp,4526180405849,1998,,
B01NBNJHEG,スージー,Amazon.co.jp,4526180405931,1998,,
B01HBYPN8G,ソーラー・ウィンド,Amazon.co.jp,4526180386254,1998,,
B01HBYPMI2,ベルベット・タッチ・オブ・レニー・ブロー・ライヴ!,Amazon.co.jp,4526180386032,1998,2016/09/19,
B01N0J2LCL,エバーラスティング・ラブ,Amazon.co.jp,4526180405771,1998,,
B01N9KI9LK,ラブズ・メロディーズ,Amazon.co.jp,4526180405962,1998,,
B01KAADYO8,フローティング・オペラ,Amazon.co.jp,4526180386988,1998,,
B01C4MOXV8,THE TALENTED TOUCH + 13 BONUS TRACKS,Amazon.co.jp,4526180376415,1980,,
B01FXP4J9Y,ON THE TOWN,Amazon.co.jp,4526180388944,1980,,
B01LTHMQJU,BARRY WHITE - THE ALBUM VOL.1,Amazon.co.jp,4526180400721,1782,,
B01FXP6T10,THE COMPLETE TRIOS,Amazon.co.jp,4526180388845,1980,,
B01LTHMQOA,MILES DAVIS - THE ALBUM,Amazon.co.jp,4526180400653,1782,,
B011UBG8D0,BACK COUNTRY SUITE + LOCAL COLOR,Amazon.co.jp,4526180356035,1980,2016/04/19,
B01GVI2MXW,GERRY MULLIGAN QUARTET + SPRING IS SPRUNG + 2 BONUS TRACKS,Amazon.co.jp,4526180391715,1980,,
B01KAADYLQ,ファーレンハイト,Amazon.co.jp,4526180386957,1998,,
B01NBNJHL6,アティチュード,Amazon.co.jp,4526180405917,1998,,
B01N6JQHIK,ウーマン・イン・マイ・ライフ,Amazon.co.jp,4526180405924,1998,,
B01K4U1DZQ,クラッキン,Amazon.co.jp,4526180386728,1998,,
B01DDR1PKK,PERKINS - FOUR CLASSIC ALBUMS,Amazon.co.jp,4526180379744,1944,,
B01DDR1Q0Y,MCRAE - FOUR CLASSIC ALBUMS,Amazon.co.jp,4526180379775,1944,,
B01FXP74QE,WE FREE KINGS + TRIPLE THREAT + 2 BONUS TRACKS,Amazon.co.jp,4526180388876,1980,,
B01GVI1XYQ,THE COMPLETE SATCH PLAYS FATS,Amazon.co.jp,4526180391708,1980,,
B01C4MOXB8,THE COMPLETE COLE PORTER SONGBOOKS + 13 BONUS TRACKS,Amazon.co.jp,4526180376286,1980,,
B01KU1BT62,キャッチ・バージン,Amazon.co.jp,4526180397977,2000,,
B01DDR1R08,WESTON - FOUR CLASSIC ALBUMS,Amazon.co.jp,4526180379881,1944,,
B01HBYPM64,リメンバー・マイ・ネーム,Amazon.co.jp,4526180385912,1998,2016/09/19,
B01DDR1Q18,MONK - THREE CLASSIC ALBUMS PLUS,Amazon.co.jp,4526180379799,1944,,
B015HDZY96,FREE + TURNING POINT,Amazon.co.jp,4526180362968,1980,2016/04/19,
B00005JZPC,ベクトル [12 inch Analog],Amazon.co.jp,4948722021025,1944,,
B01NBNJJ70,ハートビーツ&トリガーズ+3,Amazon.co.jp,4526180406037,1998,,
B01NAM2GJT,アーリー・ダメージ,Amazon.co.jp,4526180406051,1998,,
B01N9KI9V7,プレイ,Amazon.co.jp,4526180405887,1998,,
B01N691HZQ,スラッシュ・イヤーズ(2イン1)+4,Amazon.co.jp,4526180405733,1998,,
B01N2SZB15,MIDDLE OF THE ROAD - THE ALBUM,Amazon.co.jp,4526180408475,1782,,
B01N0J2JHY,ホエア・ドゥ・ウィ・ゴー・フロム・ヒア?,Amazon.co.jp,4526180405795,1998,,
B01N0J2HWV,ロウ・ライク・スシ:ライヴ! /テイク・オーバー,Amazon.co.jp,4526180405559,1998,,
B01LZB8LFC,タイトル未定,Amazon.co.jp,4571312370380,1500,2017/01/09,
B01LX6FYZA,月と兎(通常盤),Amazon.co.jp,4547366277319,1200,,
B01LTHMPKK,FRANK SINATRA - THE ALBUM,Amazon.co.jp,4526180400776,1782,,
B01KAADYUW,ヘッディン・ホーム,Amazon.co.jp,4526180387046,1998,,
B01HBYPN2C,ランニング・イン・リアル・タイム,Amazon.co.jp,4526180386209,1998,2016/09/19,
B01FXP78CE,手品師,Amazon.co.jp,4526180385776,1998,,
B01FXP5ROK,FALSE,Amazon.co.jp,4526180389217,1728,,
B01FM6HRNO,ライヴ! フロム・オースティン・シティー・リミッツ,Amazon.co.jp,4526180385417,1998,,
B01F8UPKJC,COHN - FOUR CLASSIC ALBUMS PLUS,Amazon.co.jp,4526180384717,1944,,
B01F8UPHXG,BRUBECK - THREE CLASSIC ALBUMS PLUS,Amazon.co.jp,4526180384748,1944,,
B01F8UP9H0,MANNE - THREE CLASSIC ALBUMS PLUS,Amazon.co.jp,4526180384793,1944,2016/07/01,
B01F8UP6DC,KONITZ - FOUR CLASSIC ALBUMS,Amazon.co.jp,4526180384816,1944,,
B01DYBQIQQ,HAWES - THREE CLASSIC ALBUMS PLUS,Amazon.co.jp,4526180381570,1944,,
B01DDR1QN6,LATEEF - FOUR CLASSIC ALBUMS,Amazon.co.jp,4526180379850,1944,,
B01CR065GI,CARTER - FOUR CLASSIC ALBUMS PLUS,Amazon.co.jp,4526180376866,1944,,
B01C4MOXOK,COMPLETE LIVE IN SAN FRANCISCO,Amazon.co.jp,4526180376347,1980,,
B01C4MOXK4,JAMAL AT THE PENTHOUSE + 2 BONUS TRACKS,Amazon.co.jp,4526180376293,1980,,
B01C4MOXDG,SWINGING SOLOS + SOLILOQUY,Amazon.co.jp,4526180376309,1980,,
B01C2W436A,ENCOUNTERS BEN WEBSTER. THE COMPLETE SESSION + 10 BONUS TRACKS,Amazon.co.jp,4526180373230,1980,2016/04/19,
B01AY194SS,MULLIGAN MEETS MONK + 1 BONUS TRACK,Amazon.co.jp,4526180373209,1980,2016/04/19,
B01AY193ZW,LEGRAND JAZZ + ASCENSEUR POUR L´ECHAFAUD,Amazon.co.jp,4526180373223,1980,2016/04/19,
B01AY191WC,COMPLETE STUDIO RECORDINGS + 2 BONUS TRACKS,Amazon.co.jp,4526180373094,1980,2016/04/19,
B01AY18WQ8,THE COMPLETE AFTER MIDNIGHT SESSIONS + 4 BONUS TRACKS,Amazon.co.jp,4526180373049,1980,2016/04/19,
B00NT5ND0M,恩返し,Amazon.co.jp,4988008174540,1234,2014/12/09,
B00DJVPJ8U,望郷灯り,Amazon.co.jp,4988008130249,1234,2013/09/24,
B008CQCBYC,ENJOY&HAPPY(仮),Amazon.co.jp,4988009053417,1620,,
B00009WVRO,オケイジョナル・ヴァリエイシ,Amazon.co.jp,0702397708827,1986,2003/07/22,
B00005I1L0,the  eclipse [12 inch Analog],Amazon.co.jp,4997225204077,1132,,
B00ESJCOGW,パップ,Amazon.co.jp,4560224311024,1836,,
B00M4JDXX6,461個の弁当は、親父と息子の男の約束(オリジナルサウンドトラック)(仮),Amazon.co.jp,4544163461071,1620,,
B00M4JDXR2,Random Accessed Memories,Amazon.co.jp,4560224311215,1890,,
B00JWX8CHY,タイトル未定,Amazon.co.jp,4560224311161,1799,,
B005ZSGJ3E,カササギの橋,Amazon.co.jp,4543034030798,1543,2012/01/24,
B00G6R48HM,クワイエット・フレイム、ワイルド・ライト,Amazon.co.jp,4560224311062,1836,,
B004A81OJO,Foxbase Alpha,Amazon.co.jp,0602527036397,1989,2020/01/01,
B0007IJYE8,Live Ep,Amazon.co.jp,5021392402123,1790,2005/04/03,
B01J9Z39G8,The Very Best of Patsy Cline,Amazon.co.jp,5019322720218,1539,2020/01/01,
B009WIPBT6,Disney Jingle Bell Fun,Amazon.co.jp,5099972508121,1614,2020/01/01,
B01JRXTAAQ,"University of Buffalo, Nov 199",Amazon.co.jp,5296127001616,1864,2016/09/09,
B001NV782I,This New Day,Amazon.co.jp,5050954138026,1365,2020/01/01,
B003334SNG,High & Low/Music in My Mind [7 inch Analog],Amazon.co.jp,0600116847614,1477,2020/01/01,
B010RQBGI6,The Best of Cheap Trick,Amazon.co.jp,0888751165229,1643,2020/01/01,
B0041SMFMI,Track of Time [7 inch Analog],Amazon.co.jp,7320470129258,1868,2020/01/01,
B00ME6B6ME,Illusions,Amazon.co.jp,4545933154544,2592,2014/09/23,
B000OCZ1NK,Down Til Dawn [12 inch Analog],Amazon.co.jp,5060132970072,2486,,
B0006IGPFK,Right About Now,Amazon.co.jp,5060088240076,2241,,
B0002A4J1O,Slip It Under,Amazon.co.jp,5413356653328,2331,2004/06/14,
B000171QQE,Kennedy,Amazon.co.jp,5033281611363,2010,,
B00AI9HGXW,タイトル未定,Amazon.co.jp,4988064593101,3024,,
B005GRTNUA,Album TBC,Amazon.co.jp,0886979686328,2309,,
B012XZUHAM,サイコ ビジュアライヴ1994 [DVD],Amazon.co.jp,4580206760947,3980,,
B00AI9HG4G,タイトル未定 (ALBUM+DVD),Amazon.co.jp,4988064593095,3888,,
B012XZUIMY,最終進化論,Amazon.co.jp,4580206760961,2500,,
B00COYE204,Title TBC,Amazon.co.jp,0888837408226,2458,,
B00COYE1YQ,Title TBC (Deluxe),Amazon.co.jp,0888837408325,2806,,
B00CMIWYYI,80s Movies,Amazon.co.jp,0888837367622,2072,,
B00C834WVK,Swiss Lips,Amazon.co.jp,0888837244725,2259,,
B007T0MYCQ,TBC,Amazon.co.jp,0886919611625,2446,,
B006T2HES4,EDDIE EKSTER MAAKT EEN..,Amazon.co.jp,8714374962315,2167,,
B004WQA7S8,【発売延期未定】日常のつぶやき系日めくりドラマCD その1(仮),Amazon.co.jp,4540774151257,2571,,
B004NCLKHI,Album TBC,Amazon.co.jp,0886978012722,2231,,
B004NCLKGE,On A Mission [Analog],Amazon.co.jp,0886978582515,2566,,
B01IHY1NPQ,RECHARGE,Amazon.co.jp,4988003493493,3000,,
B0112DHLK0,イースタン・ゴシック,Amazon.co.jp,4580206760930,2880,,
B01LC76D8M,アイドルマスター10thメモリアルフィギュア,Amazon.co.jp,4534530810229,30000,,
B007IO8U08,Original Album Classics,Amazon.co.jp,0886919685527,2511,,
B00IACYHQS,Brain Salad Surgery,Amazon.co.jp,0888837728522,2305,,
B00KJ5UWNG,Relief,Amazon.co.jp,0888430792425,2179,,
B000035Q3W,Flauto E Chitarra In Concert,Amazon.co.jp,8015203100053,3323,2009/10/30,
B00PLI3AFI,JUST ENOUGH TO GET ME COOL [Analog],Amazon.co.jp,4988044015586,2916,,
B009L6QNYG,アンオーソドックス・ジュークボックス,Amazon.co.jp,4943674127665,2037,,
B01N35POIR,サムシング・モア,Amazon.co.jp,4526180411109,2376,,
B01M15Q05K,リッスン・ウィズアウト・プレジュディス 25周年記念盤スタンダード・エディション(期間生産限定盤),Amazon.co.jp,4547366268898,3888,,
B01K473T0G,《発売延期未定》URC レア・ライヴ・コレクション 1968-1973,Amazon.co.jp,4544925060535,3240,,
B01NAKUWFO,FICTION / NON-FICTION,Amazon.co.jp,4526180410133,2268,,
B01EAGQMXS,B THE MAGPIE,Amazon.co.jp,4526180383963,2484,,
B01NCOHHLF,和音 - MIXED BY 小西康陽,Amazon.co.jp,4589600680042,2400,,
B01N36XLWK,ENTROPY,Amazon.co.jp,4526180413233,2484,2017/02/21,
B01IVUPTAG,GONNA GET YOU (DELUXE EXPANDED EDITION),Amazon.co.jp,4526180395515,2700,,
B00E7FSNE4,バッハ:ゴールドベルク変奏曲 アルティメイト・SA-CDハイブリッド・エディション,Amazon.co.jp,4547366203202,5184,,
B01CUABUK6,PHOENIX (2CD SPECIAL EDITION),Amazon.co.jp,4526180379010,2700,,
B01M4M69TK,THE RIGHTEOUS & THE BUTTERFLY,Amazon.co.jp,4526180402930,2376,,
B01LTHMPN2,XII (3 DISC DELUXE REMASTERED & EXPANDED EDITION),Amazon.co.jp,4526180401223,4968,,
B01EAGSJMK,THE SEA * THE EARTH * THE SKY (3CD BOXSET),Amazon.co.jp,4526180383307,4104,,
B01758NEM0,ライヴ・イン・ボストン1988,Amazon.co.jp,4527516015480,3888,2015/12/15,
B01N2WSGT1,フルーツ・アット・ザ・ボトム+5,Amazon.co.jp,4526180406075,2106,,
B00JBJWISS,セックス・プレイリスト,Amazon.co.jp,4943674167531,2376,,
B01M9E107Y,ケミストリー:アルティメイト・コレクション,Amazon.co.jp,4526180402404,3132,,
B01EAGT3BQ,GONE TO EARTH (3DISC DELUXE REMASTERED & EXPANDED EDITION),Amazon.co.jp,4526180383321,5184,,
B01BOZ9P0K,コンプリート I.R.S. アルバム・コレクション,Amazon.co.jp,4526180375821,4752,2016/04/19,
B00AY1NVZG,ハウス・オブ・ゴールド・アンド・ボーンズ パート2(通常仕様),Amazon.co.jp,4943674136612,2654,,
B0170HGVZS,COMPLETE LIVE AT THE BLACK HAWK,Amazon.co.jp,4526180365020,3240,2016/04/19,
B00SNJ2TU4,レッド(紙ジャケット仕様),Amazon.co.jp,4582213916614,5400,,
B01MTAUCZG,ワン・アンド・オンリー,Amazon.co.jp,4526180411147,2376,,
B01KLIIWVO,誰も寝てはならぬ~ミラノ・スカラ座リサイタル [Blu-ray],Amazon.co.jp,4547366272390,6000,,
B000NY16CO,バッハ:ミサ曲 イ長調,Amazon.co.jp,0794881835225,3371,,
B01MR7SVRK,セカンド・アニヴァーサリー,Amazon.co.jp,4526180411130,2376,,
B00VGPRIGC,グレイテスト・ヒッツ〜アップ・オール・ナイト,Amazon.co.jp,4943674212149,2376,,
B01N7T58RR,REAL SHARP,Amazon.co.jp,4526180412212,2689,,
B01MDPD16M,MASTERS OF WAR,Amazon.co.jp,4526180402824,2376,,
B01MY5AU3V,BACK IN QUO COUNTRY (EXPANDED EDITION),Amazon.co.jp,4526180409649,2592,,
B00SNJ2UC6,太陽と旋律(紙ジャケット仕様),Amazon.co.jp,4582213916607,5400,,
B01FXP7FV8,WHATEVER TURNS YOU ON,Amazon.co.jp,4526180389705,2700,2016/08/09,
B0001CNRBQ,LAKBAY,Amazon.co.jp,0702397709824,2407,2004/03/14,
B01N9TANME,ラヴ・ミュージック&ライフ,Amazon.co.jp,4526180411093,2376,,
B01MR7SWK4,ブレッド・アローン/ジュニー5,Amazon.co.jp,4526180411123,2376,,
B01MR7SVJM,ターニング・ポイント,Amazon.co.jp,4526180411116,2376,,
B01FXP5NEO,ティアーズ・オブ・ジョイ,Amazon.co.jp,4526180385653,2700,,
B01N5R1YNP,ドント・テイク・イット・パーソナル,Amazon.co.jp,4526180411154,2376,,
B01KNNGL1A,LET'S GO DOWN & BLOW OUR MINDS - THE BRITISH PSYCHEDELIC SOUNDS OF 1967,Amazon.co.jp,4526180398042,5292,,
B01EAGSVMI,NO BURDEN,Amazon.co.jp,4526180382591,2376,,
B01FXP4Y0I,THE FANTASY FILM WORLD OF BERNARD HERRMANN,Amazon.co.jp,4526180389736,2484,2016/08/09,
B01EAGT19A,THE ALBUMS (DELUXE FIVE CD BOXSET),Amazon.co.jp,4526180383222,5616,,
B00HPZYD4W,タイトル未定(初回限定バリュー・プライス盤),Amazon.co.jp,4943674166848,2242,,
B01N5IAZX9,カントリー・ミュージック・コンサート/ウイリー・ウェイ(2イン1),Amazon.co.jp,4526180406105,2106,,
B00GB8TU0Q,アンダーグラウンド・ラグジュアリー(初回限定スペシャル・プライス盤),Amazon.co.jp,4943674159062,2037,,
B01KLIIWFK,誰も寝てはならぬ~ミラノ・スカラ座リサイタル [DVD],Amazon.co.jp,4547366272383,5000,,
B00G4DNVLM,PointFive(.5) Live Album@野音2011(完全生産限定盤),Amazon.co.jp,4560372442496,3240,,
B01KM7XGU6,ライヴ・アット・ザ・BBC,Amazon.co.jp,4526180397656,2700,2016/09/20,
B01C48KCUS,BEST OF INNER CITY RECORDS [帯・英文ライナー日本語対訳付き国内仕様盤],Amazon.co.jp,4526180371977,2484,2016/04/19,
B01MQYX4TB,ラフ・カット/ラフ・カット・ウォンツ・ユー(2イン1),Amazon.co.jp,4526180405856,2106,,
B0188WFQIC,TRANSFORMATION (THE SPEED OF LOVE),Amazon.co.jp,4526180368243,2592,2016/04/19,
B0188WFUU6,NOW IS THE HAPPIEST TIME OF YOUR LIFE,Amazon.co.jp,4526180368250,2484,2016/04/19,
B00008OM1R,Yo(ヨ),Amazon.co.jp,0702397724223,2558,2003/04/22,
B01EM3V4LO,モーツァルト:歌劇「魔笛」(2012年ザルツブルク音楽祭ライヴ) [Blu-ray],Amazon.co.jp,4547366262766,4825,,
B00006BXG4,クラシカル・ワークス2,Amazon.co.jp,0702397707929,2301,2002/08/27,
B00008XS3M,リザレクション・フォア・ゴー,Amazon.co.jp,0702397708629,2395,2003/05/20,
B0000AVF26,99セントの冒険(仮),Amazon.co.jp,4988006813601,2621,,
B00IMKDYG2,リスト・ナウ [Blu-ray],Amazon.co.jp,4547366215762,4644,,
B01EAGSL8C,MOON,Amazon.co.jp,4526180382645,2160,,
B01B7JQ83A,EXPECTING TO FLY - 20TH ANNIVERSARY EDITION,Amazon.co.jp,4526180373858,2700,,
B01ITH5J6U,WANGA,Amazon.co.jp,4526180390947,2484,2016/09/19,
B01M23S60Y,WATERGATE 21,Amazon.co.jp,4526180401551,2376,,
B00006C2QG,フィルムワークス7,Amazon.co.jp,0070239773402,2160,2002/08/27,
B01IHN6YHY,"BABY, I'M A RUNAWAY",Amazon.co.jp,4526180394815,2376,,
B01EAGSCYA,JUBILATION FOUNDRY,Amazon.co.jp,4526180383932,2592,,
B01DET03TQ,PRESENTS CHARLES MINGUS + 2 BONUS TRACKS,Amazon.co.jp,4526180379669,2034,,
B01LTHMQC2,"FEELING GOOD - FUNK, SOUL & DEEP JAZZ GEMS : THE SUPREME SOUND OF PRODUCER BOB SHAD",Amazon.co.jp,4526180357094,2160,,
B00ET8221E,グレン・グールド・オン・テレヴィション カナダ放送協会全映像1954-1977 特別編 [DVD],Amazon.co.jp,4547366205107,4573,,
B00XWH7W9U,patax plays Michael,Amazon.co.jp,4988003470890,2700,,
B01M5EDFFW,FISTFUL OF METAL & ARMED AND DANGEROUS,Amazon.co.jp,4526180402923,2376,,
B0000996I7,A  Night  For  Ba,Amazon.co.jp,0045775016924,2256,2003/05/06,
B0188WG54Q,SPACE BANDITS,Amazon.co.jp,4526180368212,2592,,
B06X8Z553G,【早期購入特典あり】ROCK THA TOWN 通常盤(CD Only)(オリジナルクリアファイル(A4サイズ)付),Amazon.co.jp,,1000,2017/03/29,
B00GNRHFO8,Unorthodox Jukebox (Deluxe Edition),,9340650018897,999,2013/11/15,
B019A0062C,LOVE & VICE (通常盤),Amazon.co.jp,4544163467660,933,2016/01/26,
B000JXYJMI,Devil Wears Prada,,5039036029643,435,,
B00C9Z42WQ,レ・ミゼラブル [DVD],オンラインショップこまち  ★出品者コメント欄を必ずご確認お願い致します★,4988102157869,1000,2013/06/21,
B017I1G28C,This Is Acting,,0888751805521,972,2016/01/28,
B01LTHOWR4,COLLAGE EP,Amazon.co.jp,0889853905720,622,2016/11/03,
B06X18ZNSB,バグっていいじゃん(劇場盤),CD&TOYS GreenBox,4988031207406,1,,
B003YOMN68,Waltz For Debby,,0888072323261,721,2010/10/07,
B00OBRI7FS,1989 (13 Tracks/International Standard Jewel Case),★和風屋本店★全品送料無料 年中無休 全品OPP袋で保管,0602547071668,485,2014/10/27,
B001277MA6,19,,4943674078202,,2008/03/05,
B00005FQ6W,大吟醸,,4988013728530,,1996/03/20,
B01LTIAQGY,【早期購入特典あり】僕の心をつくってよ(期間生産限定盤)(オリジナルステッカー付き応募ハガキ付),Amazon.co.jp,,1000,2017/03/01,
B000WHH9QY,ゼイタクビョウ(期間限定プライス盤),,4943566220535,,2007/11/21,
B01N4GZ2WJ,30秒~カノエの楽しい歌日記~,Amazon.co.jp,4943674254798,540,2017/02/14,
B06WLKD88H,ROCK THA TOWN 通常盤(CD Only),Amazon.co.jp,4988013283893,1000,2017/03/29,
B001O1ADFQ,KIND OF BLUE,Amazon.co.jp,0886974392323,495,2009/02/05,
B01MXOLJ9Z,YESTERDAY LOVE(通常盤) [DVD],Amazon.co.jp,4571295421406,882,2017/01/11,
B01LWYVEUP,サヨナラの意味,,4547366278903,1,2016/11/08,
B00005KB9W,Live,Amazon.co.jp,0731454889629,564,2001/06/12,
B01EP66EOU,MINT CONDITION,Amazon.co.jp,4544163467752,933,2016/07/05,
B01N6UI3MC,サムネイル (劇場盤),新明堂,4988003500177,49,1970/01/31,
B004Y0FFR0,Born This Way,,0602527701639,,2011/05/23,
B00N2G6NO6,My Everything: Deluxe Edition (CD+A Fold Out Poster),,0602537939541,881,2014/10/06,
B00BJ76TMQ,ギャグ,Amazon.co.jp,4988002647842,533,2013/05/07,
B00BQ8PEG0,実用ベスト NHKCD ラジオ体操 第1・第2/みんなの体操,Amazon.co.jp,4988001746263,796,2013/05/21,
B0017S3FUQ,ブルース・ブラザース (ユニバーサル・ザ・ベスト:リミテッド・バージョン) 【初回生産限定】 [DVD],,4571264905319,,2008/06/27,
B00000IL28,Cool Struttin,Amazon.co.jp,0724349532724,645,1999/04/07,
B00TSRU06A,Essence,,4544163467462,971,2015/04/07,
B000084TM5,世界に一つだけの花,collecart,4988002445875,790,2003/03/04,
B000WCAB2I,ザ・ビートルズ 1962年~1966年(赤盤)(期間限定),,4988006859548,,2007/10/31,
B000025RR1,Travelling Without Moving,,5099748399922,525,1996/09/10,
B005VOMXKA,THE FINAL,Amazon.co.jp,0886979878921,521,2011/11/25,
B000006ZAJ,アビイ・ロード,,4988006611528,,1987/10/19,
B0027BED3K,ハイ・タイムズ:シングルズ1992-2006,,4547366047196,,2009/07/22,
B000002KXV,THE NIGHT FLY,Amazon.co.jp,0075992369626,514,1989/03/09,
B000092AL6,In The Court Of The Crimson King,,5012985300124,,1970/01/31,
B06VT7DJ4K,覚醒~Alternative Heart~,Amazon.co.jp,4988013276390,1000,2017/03/15,
B00008KJU8,プリーズ・リクエスト,,4988005330291,,2003/04/23,
B00004R75N,Great Performances {Cats} [DVD] [Import],,0044004799423,673,1999/02/22,
B01BHVII72,THE IDOLM@STER CINDERELLA MASTER 041大槻唯,Amazon.co.jp,4988001790013,659,2016/03/01,
B01BHPEHDC,サイレントマジョリティー,,4988009125954,930,2016/04/05,
B0002ZEUD6,アペタイト・フォー・ディストラクション,,4988005374196,,2004/10/21,
B01MTVZC22,キミの花/最後のキス セイレン盤,Amazon.co.jp,4988013222793,999,2017/02/21,
B005NFHPAK,Best of 25 Years the,Amazon.co.jp,0602527835044,687,2011/10/16,
B002W6Z0UK,FAME MONSTER (8-TRACK),Amazon.co.jp,0602527291567,382,2009/11/27,
B016QQX0JE,THE IDOLM@STER CINDERELLA MASTER 039塩見周子,Amazon.co.jp,4988001785767,592,2015/11/18,
B000AA7DZA,ザ・ケルン・コンサート,,4988005404091,,2005/09/14,
B01N53SLRI,Black Pentagram(ブラックペンタグラム),Amazon.co.jp,4988044903296,982,2017/01/17,
B00005HEBO,ホテル・カリフォルニア,,4988029300942,,1997/11/24,
B009G4NKN0,知らない[通常盤],Amazon.co.jp,4988002633197,973,2012/11/27,
B01GK51W1E,Wildflower,Amazon.co.jp,0602547900241,745,2016/07/08,
B005EF1YD8,Hobbit: An Unexpected Journey [Blu-ray] [Import],STAR STORE,5051892129527,383,2013/04/08,
B01MRZLMNS,僕の心をつくってよ(期間生産限定盤),Amazon.co.jp,4547366292480,1000,2017/03/01,
B00JVFF8Q6,にじいろ,Amazon.co.jp,4542114900259,937,2014/06/17,
B01LZAXE70,二人セゾン(通常盤),PCR Mart,4547366279405,1,2016/11/29,
B000GUK734,狂気,,4988006846586,,2006/09/06,
B00REC631C,THE IDOLM@STER CINDERELLA MASTER 034速水奏,,4988001773078,592,2015/02/03,
B000024LIK,タイム・アウト,,4988009916392,,1996/12/12,
B0064NTZQ2,Drive (2011) [DVD],,0043396392342,823,,
B00HFG3UC2,Happy,Amazon.co.jp,0888430372023,427,2014/01/14,
B0012X6FR6,PORTRAIT IN JAZZ,Amazon.co.jp,0888072306783,611,2008/03/04,
B0057GYO9K,Nevermind (Remastered),Amazon.co.jp,0602527779089,367,2011/09/26,
B01BHVII68,THE IDOLM@STER CINDERELLA MASTER 043二宮飛鳥,Amazon.co.jp,4988001790037,403,2016/03/01,
B0007VRRU8,Celtic Woman,,0724386023421,950,2006/01/24,
B007KAVV1A,おいでシャンプー,Amazon.co.jp,4988009052298,400,2012/05/01,
B00005N1H3,チェット・ベイカー・シングス(ステレオ・バージョン),,4988006649385,,1990/09/19,
B01N5GJ8A2,すぺしゃるでい (つたえたい盤),Amazon.co.jp,4988002727148,1000,2017/02/14,
B00006L5E1,First Love,,0724349994225,,2002/07/16,
B00000J2PH,Tapestry,Amazon.co.jp,0074646585023,590,1999/05/25,
B000NO28LM,サキソフォン・コロッサス,,4988005467270,,2007/04/11,
B01LTI9I18,【早期購入特典あり】平行線(A4サイズクリアファイル付),Amazon.co.jp,,1000,2017/03/01,
B0192O121U,唇にbe My Baby,PCR Mart,4988003481551,1,1970/01/31,
B01BHVII7C,THE IDOLM@STER CINDERELLA MASTER 042中野有香,Amazon.co.jp,4988001790020,659,2016/03/01,
B00IUGYWOG,THE IDOLM@STER CINDERELLA MASTER 027神谷奈緒,,4988001759362,592,2014/04/29,
B01GQ8PM48,世界には愛しかない(通常盤),PCR Mart,4988009130866,1,2016/08/09,
B00005JLSB,[北米版DVD リージョンコード1] CATCH ME IF YOU CAN / (DOL DTS RPKG WS SEN),,9780783269894,686,,
B007CFACE0,魔女の宅急便・サントラ音楽集,,4988008093636,,1970/01/31,
B00QFKH3E0,All Or Nothing 1965 [DVD],,5036369816094,924,2015/02/23,
B01N2JKHI6,弾丸さえあれば,Amazon.co.jp,4988044028517,1000,2017/01/24,
B001WCN23W,Sticky Fingers (Reis),Amazon.co.jp,0602527015620,690,2009/05/05,
B01NAYYQG5,トーキョーフィーバー 通常盤,Amazon.co.jp,4988013284494,909,2017/03/08,
B001714D68,キセキ(通常盤),Amazon.co.jp,4988005518989,916,2008/05/27,
B00FRHADEE,Midnight Memories -Ltd-,,0888837740326,684,2013/11/21,
B000000OSG,USE YOUR ILLUSION 2,Amazon.co.jp,0720642442029,464,1991/09/17,
B00005HIDG,パッヘルベルのカノン〜バロック名曲集,Amazon.co.jp,4943674017065,933,2000/06/20,
B000088EN9,Chicago [DVD] [Import],,4011846012948,,,
B00ZAIZ7JG,THE IDOLM@STER CINDERELLA MASTER Absolute Nine,Amazon.co.jp,4988001779933,1000,2015/07/29,
B00005GL99,NHK ラジオ体操,Amazon.co.jp,4988006124691,905,1995/07/18,
B003T362N4,モーニング・グローリー,,4547366055696,,2010/09/01,
B006DF74IW,Up All Night,,0886978436528,,2011/10/24,
B001PK3M1S,FEARLESS,Amazon.co.jp,0602517976290,530,2009/03/09,
B002P66JOI,マイケル・ジャクソン THIS IS IT コレクターズ・エディション (1枚組） [DVD],☆Remedia OUTLET★,4547462065667,258,2010/01/27,
B0084C378S,8 Mile [エミネム]｜中古DVD [レンタル落ち] [DVD],,4560128827263,,2003/09/26,
B016QQX0J4,THE IDOLM@STER CINDERELLA MASTER 040櫻井桃華,Amazon.co.jp,4988001785774,592,2015/11/17,
B00005J988,Distance,,0724353266929,790,2002/05/07,
B00005MV87,HOSONO HOUSE,,4988003109684,,1991/09/21,
B000BDJ1GA,ア・デイ・ウィズアウト・レイン,,4943674060467,,2005/11/09,
B001PA7P20,Blue Train,Amazon.co.jp,5060143492914,468,2010/02/25,
B00F8RP9GK,Native,Amazon.co.jp,0602537577644,529,2013/10/13,
B01MUXZVTR,流動体について,Amazon.co.jp,4988031214473,1296,2017/02/21,
B01N6PTEHE,『INTER』(Tonight / 君のいる世界 / SEVEN WISHES) (DVD付)(初回生産限定盤A),Amazon.co.jp,4988064837960,1642,2017/03/01,
B01N4MYOWU,『INTER』(Tonight / 君のいる世界 / SEVEN WISHES) (DVD付)(初回生産限定盤B),Amazon.co.jp,4988064837977,1642,2017/03/01,
B01N5F8CCA,命にふさわしい(初回生産限定盤)(DVD付),Amazon.co.jp,4547366293234,1642,2017/02/21,
B01N5VRWMU,THE IDOLM@STER CINDERELLA GIRLS STARLIGHT MASTER 09 ラブレター,Amazon.co.jp,4549767016573,1500,2017/03/01,
B06X18C6K1,【早期購入特典あり】THE IDOLM@STER CINDERELLA GIRLS STARLIGHT MASTER 09 ラブレター(ジャケ柄ステッカー付),Amazon.co.jp,,1500,2017/03/01,
B01MS21J25,OVER THE TOP (初回限定盤2)(DVD付),MAGnet //大阪から迅速に発送致します！,4580117626080,1564,2017/02/22,
B01LYRM74T,24K MAGIC,Amazon.co.jp,0075678662737,1035,2016/11/17,
B01N6C103C,『A3!(エースリー)』主題歌 MANKAI☆開花宣言,Amazon.co.jp,4988013208391,1300,2017/02/14,
B01MR4WCU6,『INTER』(Tonight / 君のいる世界 / SEVEN WISHES) (通常盤),Amazon.co.jp,4988064837984,1296,2017/03/01,
B01N5H1V35,TOKYO GIRL(初回限定盤)(DVD付),Amazon.co.jp,4988031212653,1617,2017/02/14,
B01MU365ZH,BRAND NEW MORNING/ジェラシー ジェラシー(初回生産限定盤SP)(DVD付),Amazon.co.jp,4942463731052,1656,2017/03/08,
B01NBMSHCI,【早期購入特典あり】TOKYO GIRL(初回限定盤)(DVD付)【特典:ポスター(A2サイズ)】,Amazon.co.jp,,1900,2017/02/15,
B01N128CCI,君の名は。 English edition,Amazon.co.jp,4988031213087,1404,2017/02/21,
B0170HGUI6,25,Amazon.co.jp,4582214513218,1845,2015/11/19,
B06VV24MHX,【早期購入特典あり】ROCK THA TOWN 初回限定盤A(DVD付)(スペシャルフォト(L版サイズ)付),Amazon.co.jp,,1728,2017/03/29,
B01MXZ41OP,THE IDOLM@STER CINDERELLA GIRLS VIEWING REVOLUTION Yes! Party Time!!,Amazon.co.jp,4549767016603,1186,2017/01/24,
B06VV1DVBJ,タイトル未定(TYPE-A)(DVD付),Amazon.co.jp,4547366301250,1398,2017/04/05,
B01N17M6JD,THE IDOLM@STER CINDERELLA MASTER 046-048 乙倉悠貴・松永涼・依田芳乃,Amazon.co.jp,4549767018591,1944,2017/03/15,
B01MUHAIGB,THE IDOLM@STER CINDERELLA MASTER Treasure☆,Amazon.co.jp,4549767022178,1404,2017/03/22,
B01N5VGUO5,【早期購入特典あり】Can't Get Enough / ハナヒラケ(DVD付)(初回生産限定盤A)(告知兼特典ポスター付),Amazon.co.jp,,1944,2017/03/15,
B01N8RI13K,TVアニメ「 幼女戦記 」エンディングテーマ「 Los! Los! Los! 」,Amazon.co.jp,4935228162710,1296,2017/02/21,
B01N7KRZ3P,THE IDOLM@STER CINDERELLA MASTER EVERMORE,Amazon.co.jp,4549767018195,1400,2017/02/07,
B01N0M58JX,なぐりガキBEAT(新春特盤)(DVD付),Amazon.co.jp,4580117626066,1108,2017/01/25,
B01LTI968S,【早期購入特典あり】orion(ライオン盤 初回限定)(CD+DVD+紙ジャケ)(クリアブックマーカー付き),Amazon.co.jp,,1480,2017/02/15,
B01MSM9MQF,グリーンボーイズ(初回生産限定盤)(DVD付),3happy,4547366287899,1448,2017/01/23,
B06VV1Z8RX,タイトル未定(TYPE-B)(DVD付),Amazon.co.jp,4547366301267,1398,2017/04/05,
B06VV24MHW,【早期購入特典あり】ROCK THA TOWN 初回限定盤B(DVD付)(オリジナル特典ポスター(B3サイズ)付),Amazon.co.jp,,1728,2017/03/29,
B01MYNXU3E,AMBITIONS [INTERNATIONAL VERSION],Amazon.co.jp,0075678662645,1272,2017/01/12,
B01N17442M,【早期購入特典あり】Can't Get Enough / ハナヒラケ(DVD付)(初回生産限定盤B)(告知兼特典ポスター付),Amazon.co.jp,,1944,2017/03/15,
B01N97O2M7,ヒカリノアトリエ,Amazon.co.jp,4988061896250,1480,2017/01/10,
B01MS4OEHS,【早期購入特典あり】THE IDOLM@STER CINDERELLA GIRLS STARLIGHT MASTER 08 BEYOND THE STARLIGHT(ジャケ柄ステッカー付),Amazon.co.jp,,1000,2017/02/01,
B06X1885V9,タイトル未定(TYPE-C)(DVD付),Amazon.co.jp,4547366301274,1398,2017/04/05,
B00YAZ8W6K,THE BAY,Amazon.co.jp,4544163467561,1918,2015/07/07,
B01MRBRSW4,インフルエンサー(TYPE-A)(DVD付),Amazon.co.jp,4547366297515,1406,2017/03/22,
B06X3V1JQZ,【早期購入特典あり】THE IDOLM@STER CINDERELLA MASTER 046-048 乙倉悠貴・松永涼・依田芳乃(ジャケ柄ステッカー付),Amazon.co.jp,,1944,2017/03/15,
B06WP4L9HN,タイトル未定(TYPE-D)(DVD付),Amazon.co.jp,4547366301281,1398,2017/04/05,
B01NBCVNEG,Catch the Moment(期間生産限定アニメ盤),Amazon.co.jp,4534530099501,1404,2017/02/14,
B01NCNR6LD,一滴の影響(初回生産限定盤)(DVD付),Amazon.co.jp,4547366293746,1445,2017/01/31,
B01LTI968I,【早期購入特典あり】orion(オリオン盤 初回限定)(CD+クリアシート+ハードカバー仕様)(クリアブックマーカー付き),Amazon.co.jp,,1836,2017/02/15,
B01MSVIVW3,2017 Grammy Nominees,Amazon.co.jp,0075678662447,991,2017/01/23,
B01N5V0O6V,インフルエンサー(TYPE-B)(DVD付),Amazon.co.jp,4547366297522,1406,2017/03/22,
B01MTESII3,インフルエンサー(TYPE-C)(DVD付),Amazon.co.jp,4547366297539,1398,2017/03/22,
B01N5QWS6N,【早期購入特典あり】THE IDOLM@STER CINDERELLA MASTER EVERMORE (ジャケ柄ステッカー付),Amazon.co.jp,,1404,2017/02/08,
B01MZFJDZM,インフルエンサー(TYPE-D)(DVD付),Amazon.co.jp,4547366297553,1398,2017/03/22,
B01NC0FWEG,Can't Get Enough / ハナヒラケ,Amazon.co.jp,4988064838141,1296,2017/03/15,
B01KHJ3BDG,恋 (通常盤),Amazon.co.jp,4988002717965,1166,2016/10/04,
B06X18939H,ROCK THA TOWN 初回限定盤B(DVD付),Amazon.co.jp,4988013283794,1461,2017/03/29,
B01LTI1RL2,【早期購入特典あり】OVER THE TOP (通常盤)(ポスター付),Amazon.co.jp,,1150,2017/02/22,
B01NATSW35,47th Single「シュートサイン Type E」初回限定盤,Amazon.co.jp,4988003500702,1394,2017/03/15,
B06VV8PXTR,ROCK THA TOWN 初回限定盤A(DVD付),Amazon.co.jp,4988013283695,1473,2017/03/29,
B01N7AXXKO,Catch the Moment(初回生産限定盤)(DVD付),Amazon.co.jp,4534530099495,1642,2017/02/14,
B06VV35HHY,【早期購入特典あり】THE IDOLM@STER CINDERELLA MASTER Treasure☆(ジャケ柄ステッカー付),Amazon.co.jp,,1404,2017/03/22,
B01MQIBXR8,TVアニメ「 幼女戦記 」オープニングテーマ「 JINGO JUNGLE 」,Amazon.co.jp,4935228162703,1296,2017/02/07,
B06WLKCRNK,不倶戴天(CD+DVD)(初回限定盤),Amazon.co.jp,4988061896144,1605,2017/04/12,
B01MUBA15Z,47th Single「シュートサイン Type A」初回限定盤,Amazon.co.jp,4988003500665,1394,2017/03/15,
B01N9S9TL3,47th Single「シュートサイン Type C」初回限定盤,Amazon.co.jp,4988003500689,1394,2017/03/15,
B01N7SQUZ7,47th Single「シュートサイン Type D」初回限定盤,Amazon.co.jp,4988003500696,1394,2017/03/15,
B01N6IR8EK,THE IDOLM@STER CINDERELLA GIRLS STARLIGHT MASTER 08 BEYOND THE STARLIGHT,Amazon.co.jp,4549767016566,1480,2017/01/31,
B06WD34M17,Zoe~Beautiful World~,DOLCESTAR SHOP,4562447713227,1200,2017/02/24,
B01N22YU3W,47th Single「シュートサイン Type B」初回限定盤,Amazon.co.jp,4988003500672,1394,2017/03/15,
B004BOJM64,Doo-Wops and Hooligans (Bonus Track),Amazon.co.jp,0075678833250,543,2011/01/28,
B01N43SZA0,BLUE & LONESOME,Amazon.co.jp,0602557238389,1248,2016/12/02,
B01N42XPR2,THE IDOLM@STER SideM「Beyond The Dream」,Amazon.co.jp,4540774145706,1296,2017/01/31,
B01LX0Z4H6,二人セゾン(TYPE-A)(DVD付),Amazon.co.jp,4547366279375,1403,2016/11/29,
B06WP9N1ZF,【早期購入特典あり】CALLING(初回限定盤)【特典:A2ポスター】,Amazon.co.jp,,1944,2017/03/22,
B01MSSJTWJ,ヒトリセカイ×ヒトリズム(初回限定盤)(DVD付),Amazon.co.jp,4988031202487,1473,2017/01/31,
B01MXRX5RP,バグっていいじゃん(TYPE-A)(DVD付),Amazon.co.jp,4988031207314,1051,2017/02/14,
B01MSWPOXY,orion(ライオン盤 初回限定)(CD+DVD+紙ジャケ),Amazon.co.jp,4547366291612,1119,2017/02/14,
B01LTIABG4,【Amazon.co.jp限定】インフルエンサー(TYPE-A)(DVD付)(ポストカード Type Aジャケット絵柄付),Amazon.co.jp,,1650,2017/03/22,
B06VWGWD8F,【Amazon.co.jp限定】clockwork planet<初回限定盤CD+DVD>(特典:オリジナルブロマイド&fripSide×「クロックワーク・プラネット」 B3リバーシブルポスター付き),Amazon.co.jp,,1944,2017/05/03,
B01N9DHUJR,M.S.S.Phantasia,Amazon.co.jp,4589686420785,1944,2017/02/08,
B01N0OLQMB,TVアニメ『ACCA13区監察課』OP主題歌「Shadow and Truth」,Amazon.co.jp,4540774145744,1296,2017/02/21,
B01N9XV7GL,Can't Get Enough / ハナヒラケ(DVD付)(初回生産限定盤B),Amazon.co.jp,4988064838134,1676,2017/03/15,
B01LTI12DK,【早期購入特典あり】EMMA(初回盤A)(クリアファイルA),メディアバンク@土日祝日も休まず発送,,1630,2017/02/08,
B01N5SSWKU,BTS (防弾少年団) - You Never Walk Alone (ランダムバージョン),Amazon.co.jp,8804775077494,1700,2017/02/16,
B01NC09WIR,CALLING(初回限定盤),Amazon.co.jp,4988031214985,1944,2017/03/22,
B01N4V5YAX,【Amazon.co.jp限定】47th Single「シュートサイン Type A」初回限定盤 (オリジナル生写真付),Amazon.co.jp,,1646,2017/03/15,
B01N6AIAZH,バグっていいじゃん(TYPE-B)(DVD付),Amazon.co.jp,4988031207345,1039,2017/02/14,
B009IRVSVQ,Unorthodox Jukebox,Amazon.co.jp,0075678762857,651,2012/12/10,
B01LTI9I5Y,【早期購入特典あり】Fly me to the disco ball(初回生産限定盤)(DVD付)(A4ホログラムカレンダー付),Amazon.co.jp,,1512,2017/02/22,
B01MTU9ENY,バグっていいじゃん(TYPE-C)(DVD付),Amazon.co.jp,4988031207376,1051,2017/02/14,
B01N1F17V5,MAGIC(DVD付)(スマプラ対応),Amazon.co.jp,4988064837496,1763,2017/02/07,
B01NCMXIKU,HAPPY(DVD付),Amazon.co.jp,4988064862948,1642,2017/03/08,
B01M19A11B,二人セゾン(TYPE-C)(DVD付),Amazon.co.jp,4547366279399,1403,2016/11/29,
B01N126PQK,Because of You(初回生産限定盤)(DVD付),Amazon.co.jp,4547366295115,1704,2017/03/22,
B014LJE4SO,パーパス,Amazon.co.jp,4988031121375,1836,2015/11/12,
B01MYV2297,なぐりガキBEAT(通常盤),Amazon.co.jp,4580117626059,925,2017/01/24,
B01N907AVV,Dead End in Tokyo【初回生産限定盤】(DVD付),Amazon.co.jp,4547366288049,1564,2017/01/25,
B01N2P5BHA,なぐりガキBEAT(初回限定盤)(DVD付),Amazon.co.jp,4580117626042,1019,2017/01/25,
B01LTIBJOC,【Amazon.co.jp限定】BRAND NEW MORNING/ジェラシー ジェラシー(初回生産限定盤SP)(DVD付)(ポストカード付),Amazon.co.jp,,1944,2017/03/08,
B01LTI12DU,【早期購入特典あり】EMMA(初回盤B)(クリアファイルB),HYPER NET MARKET,,1250,2017/02/08,
B01LYZ5KQ2,二人セゾン(TYPE-B)(DVD付),Amazon.co.jp,4547366279382,1403,2016/11/29,
B01N5VGOF3,Can't Get Enough / ハナヒラケ(DVD付)(初回生産限定盤A),Amazon.co.jp,4988064838127,1676,2017/03/15,
B01N57OIIY,TVアニメ「 ガヴリールドロップアウト 」オープニングテーマ「 ガヴリールドロップキック 」,Amazon.co.jp,4935228162727,1296,2017/02/21,
B01N1304VI,WE ARE X SOUNDTRACK(輸入盤),Amazon.co.jp,0889854142629,1981,2017/03/03,
B01NCNVSFN,自己スキーマ【通常盤】,Amazon.co.jp,4988002729685,1728,2017/02/21,
B01LTI0KOW,【Amazon.co.jp限定】グリーンボーイズ(初回生産限定盤)(DVD付)(ロゴ缶バッジ),Amazon.co.jp,,1940,2017/01/24,
B01N0GYZQD,ようこそジャパリパークへ(通常盤),Amazon.co.jp,4988002728398,1404,2017/02/07,
B01NAL1LYN,【早期購入特典あり】HAPPY(DVD付)(オリジナルポストカード付),Amazon.co.jp,,1944,2017/03/08,
B01LTIAYL6,【早期購入特典あり】NEVERLAND(初回盤)(ポストカードA付),Amazon.co.jp,,4212,2017/03/22,
B06WD7YJDD,【早期購入特典あり】Perfume 6th Tour 2016 「COSMIC EXPLORER」(初回限定盤)【特典:未定】[Blu-ray],Amazon.co.jp,,9990,2017/04/05,
B01NBZ4VMJ,THE JSB WORLD(AL3枚組+DVD2枚組),Amazon.co.jp,4988064863235,4808,2017/03/29,
B06X95H2X1,Perfume 6th Tour 2016 「COSMIC EXPLORER」(初回限定盤)[Blu-ray],Amazon.co.jp,4988031216668,7429,2017/04/05,
B01N7SQZU8,HiGH & LOW THE LIVE(初回生産限定)(スマプラ対応) [DVD],Amazon.co.jp,4988064862962,6753,2017/03/15,
B01NCIHCDT,"EXILE ATSUSHI LIVE TOUR 2016 ""IT'S SHOW TIME!!""(3DVD)(豪華盤)(スマプラ対応)",Amazon.co.jp,4988064862641,4995,2017/02/15,
B06VXW2JL7,【早期購入特典あり】HiGH & LOW THE LIVE(初回生産限定)(スマプラ対応)(オリジナルB2サイズポスター付) [DVD],Amazon.co.jp,,7757,2017/03/15,
B06VV5MNXK,YUZU 20th Anniversary ALL TIME BEST ALBUM 「ゆずイロハ 1997-2017」,Amazon.co.jp,4537649869317,3780,2017/04/26,
B06WLHL2MW,Music Video Tour 2010-2017 (Blu-ray),Amazon.co.jp,4988002732739,4016,2017/05/17,
B01LTIAYLG,【早期購入特典あり】NEVERLAND(通常盤)(ポストカードB付),Amazon.co.jp,,3178,2017/03/22,
B01N51YRGD,WAY OF GLORY(DVD付)(スマプラ対応),Amazon.co.jp,4988064935970,3478,2017/02/21,
B01NBV2O8F,HiGH & LOW THE LIVE(初回生産限定)(スマプラ対応) [Blu-ray],Amazon.co.jp,4988064862993,7600,2017/03/15,
B01NAXV1BV,THE JSB WORLD(AL3枚組+Blu-ray Disc2枚組),Amazon.co.jp,4988064863266,5686,2017/03/29,
B06X1FDF3W,【早期購入特典あり】NMB48 5th & 6th Anniversary LIVE(仮)(生写真付き) [DVD],Amazon.co.jp,,21384,2017/03/31,
B01N0STTZH,【Amazon.co.jp限定】Fate/Grand Order Original Soundtrack I (オリジナル特典:「A5クリアファイル(ジャンヌ・ダルク)」付) (初回仕様限定盤),Amazon.co.jp,,4104,2017/03/01,
B06WD7YXFC,【早期購入特典あり】HiGH & LOW THE LIVE(初回生産限定)(スマプラ対応)(オリジナルB2サイズポスター付) [Blu-ray],Amazon.co.jp,,8729,2017/03/15,
B01MXY1V4N,まばたき(初回生産限定盤)(DVD付),Amazon.co.jp,4547366293203,4521,2017/03/15,
B01N23ZTBC,Too many people,Amazon.co.jp,4571350361463,3350,2017/02/21,
B01MSYWQRL,劇場版 ソードアート・オンライン -オーディナル・スケール- Original Soundtrack,Amazon.co.jp,4534530100924,3420,2017/02/21,
B06W2PKWSK,UNDERWORLD(特別BOX仕様 初回限定盤)(BD+DVD+グッズ付),Amazon.co.jp,4988031216859,18193,2017/04/26,
B01N9EJFN4,"EXILE ATSUSHI LIVE TOUR 2016 ""IT'S SHOW TIME!!""(3Blu-ray)(豪華盤)(スマプラ対応)",Amazon.co.jp,4988064862672,5905,2017/02/15,
B01N4WJTJO,【Amazon.co.jp限定】バイオハザード ブルーレイ アルティメット・コンプリート・ボックス (特典Blu-rayディスク付) [Blu-ray],Amazon.co.jp,,15984,2017/03/22,
B01N3C1QSG,10th Anniversary Live History -BEST- [DVD],Amazon.co.jp,4988064322657,5623,2017/03/22,
B06WVGSMVG,【早期購入特典あり】Perfume 6th Tour 2016 「COSMIC EXPLORER」(初回限定盤)【特典:未定】[DVD],Amazon.co.jp,,8910,2017/04/05,
B01NCL0NE6,何度だって、好き。~告白実行委員会~(初回生産限定盤)(DVD付),Amazon.co.jp,4580163596832,3335,2017/02/21,
B01LTI9I72,【早期購入特典あり】NieR:Automata Original Soundtrack(NieR:Automata オリジナル・サウンドトラック 特典CD付),Amazon.co.jp,,3456,2017/03/29,
B01N6DRVFM,"EXILE ATSUSHI LIVE TOUR 2016 ""IT'S SHOW TIME!!""(2DVD)(スマプラ対応)",Amazon.co.jp,4988064862702,4160,2017/02/15,
B01MTXL1ZN,MADE(CD+2DVD+PHOTO BOOK(スマプラ対応)(初回生産限定盤),Amazon.co.jp,4988064584635,6718,2017/02/14,
B01MXOLG8Y,ALL SINGLeeeeS~&New Beginning~(初回限定盤)(2DVD付),Amazon.co.jp,4988031203873,3654,2017/01/23,
B01N7OP1UC,BORN TO BE WILD(DVD3枚組付)(スマプラ対応),Amazon.co.jp,4988064862894,6124,2017/03/01,
B01MU2W3MH,KYOSUKE HIMURO LAST GIGS<初回BOX限定盤>(2BD) [Blu-ray],Amazon.co.jp,4943674256105,10008,2017/03/01,
B06W2GH4PM,【早期購入特典あり】ももいろクリスマス 2016 ~真冬のサンサンサマータイム~ LIVE Blu-ray BOX【初回限定版】(メーカー多売:内容未定),Amazon.co.jp,,11470,2017/04/26,
B01MR43WYS,L'Arc-en-Ciel LIVE 2015 L'ArCASINO(初回生産限定盤)(BD+2CD) [Blu-ray],Amazon.co.jp,4560429741695,10120,2017/03/01,
B01LXFE6T0,アンコール(ベストアルバム)(通常盤)(2CD),Amazon.co.jp,4988031194652,3699,2016/12/27,
B01N3XTVVV,THE KIDS(通常盤),Amazon.co.jp,4544163467820,2399,2017/01/24,
B01MTQOIRP,ようこそジャパリパークへ(初回限定盤),メディアマート【迅速発送・品質保証】,4988002728381,2268,2017/02/07,
B06W9FMCR5,ももいろクリスマス 2016 ~真冬のサンサンサマータイム~ LIVE Blu-ray BOX【初回限定版】,Amazon.co.jp,4988003843892,9478,2017/04/26,
B06VY1NPFT,【早期購入特典あり】NMB48 4 LIVE BOX COLLECTION 2016(仮)(生写真付き) [DVD],Amazon.co.jp,,17496,2017/03/31,
B01MYZLKTW,SPLASH☆WORLD(初回生産限定盤)(DVD付),Amazon.co.jp,4547366292121,3141,2017/02/21,
B01N5S8M72,AAA Special Live 2016 in Dome -FANTASTIC OVER-(初回生産限定盤)(スマプラ対応) [DVD],Amazon.co.jp,4988064924998,5944,2017/03/22,
B01MR0OJ4H,OVER THE TOP (初回限定盤1)(DVD付),アネストア,4580117626073,1817,2017/02/22,
B01N13VBD7,BIGBANG10 THE CONCERT : 0.TO.10 -THE FINAL-(DVD(4枚組)+LIVE CD(2枚組)+PHOTO BOOK+スマプラムービー&ミュージック)(-DELUXE EDITION-)(初回生産限定),Amazon.co.jp,4988064584734,9879,2017/03/29,
B01N2AHEFE,GET WILD Thanks 30th Anniversary(仮),Amazon.co.jp,4988064936694,3240,2017/04/05,
B01N2HW5J1,Ambitions 初回限定盤(CD+DVD),Amazon.co.jp,4562256124207,2700,2017/01/11,
B01N1HXZLI,『ペルソナ5』オリジナル・サウンドトラック,Amazon.co.jp,4580357661605,4320,2017/01/16,
B06X3ZW2LL,Perfume 6th Tour 2016 「COSMIC EXPLORER」(初回限定盤)[DVD],Amazon.co.jp,4988031216682,6626,2017/04/05,
B06W2LXZG2,【早期購入特典あり】ぐーちょきぱーてぃー ~みんなノリノリー! ~(メーカー多売:内容未定),Amazon.co.jp,,3000,2017/05/03,
B06WLHGYCG,【早期購入特典あり】HiGH & LOW THE RED RAIN(豪華盤)(HiGH&LOWオリジナルB2ポスター付) [DVD],Amazon.co.jp,,4666,2017/04/05,
B01N6RIB5E,HiGH & LOW THE LIVE(スマプラ対応) [DVD],Amazon.co.jp,4988064863013,5906,2017/03/15,
B01KNCPKM2,THE IDOLM@STER MILLION LIVE! 3rdLIVE TOUR BELIEVE MY DRE@M!! LIVE Blu-ray 06&07@MAKUHARI (完全生産限定),Amazon.co.jp,4540774381814,16064,2017/02/22,
B01N6UV72M,「WE ARE X」オリジナル・サウンドトラック,Amazon.co.jp,4547366297300,3240,2017/03/03,
B01N36SKJ5,LIVE AT TOKYO DOME (通常盤)[Blu-ray],Amazon.co.jp,4988061781501,6425,2017/04/12,
B01N15M7CV,BIGBANG'S 2017 WELCOMING COLLECTION DVD,Amazon.co.jp,4988064584840,7970,2017/03/29,
B06WP9MGB3,UNDERWORLD(初回限定盤A)(Blu-ray付),Amazon.co.jp,4988031216835,4571,2017/04/26,
B06WLL69HZ,ABC座2016 株式会社応援屋!!~OH&YEAH!!~ [Blu-ray],Amazon.co.jp,4988013278097,4418,2017/03/15,
B01MAUPQZC,24K・マジック,Amazon.co.jp,4943674252671,2050,2016/11/17,
B01LYOH7AF,【Amazon.co.jp限定】ユーリ!!! on ICE 3 (全巻購入特典:「久保ミツロウ描き下ろしマンガ(メーカー特典)」+「アニメ描き下ろしアクリルスタンド6セット」引換シリアルコード付) [Blu-ray],Amazon.co.jp,,7560,2017/02/24,
B01MTECUWB,Just LOVE Tour(初回生産限定盤) [DVD],Amazon.co.jp,4547366295887,4819,2017/04/12,
B06X41S7DH,【早期購入特典あり】UNISON SQUARE GARDEN TOUR 2016 Dr.Izzy at Yokosuka Arts Theatre 2016.11.21(内容未定)[Blu-ray],Amazon.co.jp,,5346,2017/05/17,
B01MRZMOFB,KYOSUKE HIMURO LAST GIGS<初回BOX限定盤>(3DVD),Amazon.co.jp,4943674256112,9310,2017/03/01,
B01NBR5JSC,BORN TO BE WILD(Blu-ray Disc3枚組付)(スマプラ対応),Amazon.co.jp,4988064862900,7002,2017/03/01,
B06VX1PLSR,【Amazon.co.jp限定】光のはじまり<初回限定盤CD+DVD>TVアニメ「ベルセルク」新EDテーマ<初回限定盤>2枚セット(特典:CD2枚収納BOX&南條愛乃×「アトム ザ・ビギニング」 B3リバーシブルポスター&南條愛乃×「ベルセルク」 B3リバーシブルポスター付き),Amazon.co.jp,,3888,2017/05/17,
B01LTI9PM0,【早期購入特典あり】命にふさわしい(初回生産限定盤)(DVD付)(amzarashi応援店購入者特典A2ポスター付),デイリーマート24,,2980,2017/02/22,
B01NAAYPSU,"Mari Hamada Live Tour 2016 ""Mission"" 【Blu-ray】",Amazon.co.jp,4988008104387,6024,2017/02/22,
B01N7FINHV,ももいろクローバーZ 桃神祭 2016 ~鬼ヶ島~ LIVE Blu-ray,Amazon.co.jp,4988003842635,9758,2017/02/08,
B01I4GDLZW,Fant?me,Amazon.co.jp,4988031175255,3160,2016/09/27,
B01N0Y2YZA,FIVE(初回限定盤A)(Blu-ray付),Amazon.co.jp,4988031214947,4369,2017/02/21,
B01N2W4OVJ,TROPICAL LOVE(初回生産限定盤)(DVD付),Amazon.co.jp,4547366293609,3421,2017/03/01,
B01MTCKV13,EXO PLANET #3 - The EXO'rDIUM in JAPAN(初回生産限定)(スマプラ対応) [Blu-ray],Amazon.co.jp,4988064793709,5783,2017/03/08,
B01N258458,【早期購入特典あり】LIVE AT TOKYO DOME (初回限定盤)(オリジナルステッカー予定)[Blu-ray],Amazon.co.jp,,9720,2017/04/12,
B01MQPI463,SCANDAL(初回生産限定盤)(DVD付),Amazon.co.jp,4547366287943,3279,2017/02/14,
B01N4PPAWB,「おかあさんといっしょ」最新ソングブック わらうおばけ [DVD],Amazon.co.jp,4988013271890,2570,2017/04/19,
B01MY07G3R,【Amazon.co.jp限定】Fate/Grand Order -First Order- (オリジナル特典:「複製原画セット」付) (完全生産限定版) [Blu-ray],Amazon.co.jp,,8424,2017/03/29,
B01LTHM7Z8,SMAP 25 YEARS (初回限定仕様),hay books,4988002725786,3440,2016/12/20,
B01N0J260R,2PM ARENA TOUR 2016 GALAXY OF 2PM(初回生産限定盤) [DVD],Amazon.co.jp,4547366290042,9127,2017/02/15,
B01MXLDUJZ,E.G. CRAZY(CD2枚組+DVD3枚組)(スマプラミュージック・スマプラムービー対応)(初回生産限定盤),Amazon.co.jp,4988064862313,6181,2017/01/17,
B01MSACSX8,AAA Special Live 2016 in Dome -FANTASTIC OVER-(初回生産限定盤)(スマプラ対応) [Blu-ray],Amazon.co.jp,4988064925018,6747,2017/03/22,
B01MU0XKVH,【早期購入特典あり】ゼルダの伝説 30周年記念コンサート【初回数量限定生産盤】【豪華BOX仕様(CD2枚組+DVD)】(チケットホルダー付),Amazon.co.jp,,5280,2017/02/15,
B01NAUFDBC,【早期購入特典あり】WAY OF GLORY(CD+DVD+グッズ(ブランケット))(スマプラ対応)(ポストカード付),,,7995,2017/02/22,
B0170C28BE,25 [12 inch Analog],ディスカウントショップ・プライムジャパン,0634904074012,2280,2015/11/20,
B01N6W9AJG,Just LOVE Tour(初回生産限定盤) [Blu-ray],Amazon.co.jp,4547366295832,5623,2017/04/12,
B01MSYWQRK,GRAVITY DAZE 2 オリジナルサウンドトラック,Amazon.co.jp,4560372447187,3740,2017/02/21,
B01N49AW65,【早期購入特典あり】逃げるは恥だが役に立つ Blu-ray BOX(B6サイズクリアファイル付),Amazon.co.jp,,24200,2017/03/29,
B01MQYD4U0,革命の丘(3CD+DVD)(Type-A),Amazon.co.jp,4988064936083,3335,2017/02/21,
B01MXKYQVP,WAY OF GLORY(CD+DVD+グッズ(ブランケット))(スマプラ対応),nanawo-ya,4988064935963,7900,2017/02/22,
B01MS8C3IB,"Superfly 10th Anniversary Greatest Hits『LOVE, PEACE & FIRE』<初回限定盤>",Amazon.co.jp,4943674258239,4320,2017/04/04,
B01NCO7DW2,Fate/Grand Order Original Soundtrack I(初回仕様限定盤),Amazon.co.jp,4534530100849,4104,2017/03/01,
B01MTBYQ58,BIGBANG10 THE CONCERT : 0.TO.10 -THE FINAL-(Blu-ray(3枚組)+LIVE CD(2枚組)+PHOTO BOOK+スマプラムービー&ミュージック)(-DELUXE EDITION-)(初回生産限定),Amazon.co.jp,4988064584772,10683,2017/03/29,
B01LTI0P2Y,【Amazon.co.jp限定】何度だって、好き。~告白実行委員会~(初回生産限定盤)(DVD付)(オリジナルコースター付き),Amazon.co.jp,,4104,2017/02/22,
B06X3ZY9GK,UNDERWORLD(初回限定盤B)(DVD付),Amazon.co.jp,4988031216842,3657,2017/04/26,
B01N3LHWE8,THE KIDS(DVD付),Snow Style Plus,4544163467837,5000,2017/01/24,
B06W2K9QQX,戦極MCBATTLE第15章 本選 JAPAN TOUR FINAL 2016.11.06 完全収録DVD,Amazon.co.jp,4988044905108,2647,2017/03/15,
B01N1W76HL,NANA MIZUKI LIVE PARK × MTV Unplugged: Nana Mizuki [Blu-ray],Amazon.co.jp,4988003843663,6738,2017/03/08,
B01N5CC4S5,"【早期購入特典あり】EXILE ATSUSHI LIVE TOUR 2016 ""IT'S SHOW TIME!!""(3DVD)(豪華盤)(スマプラ対応)(B2サイズ・ライブフォト・ポスター付)",,,9000,2017/02/15,
B01N6UH8CN,EXO PLANET #3 - The EXO'rDIUM in JAPAN(初回生産限定)(スマプラ対応) [DVD],Amazon.co.jp,4988064793686,4980,2017/03/08,
B06WLHB8BB,【早期購入特典あり】HiGH & LOW THE RED RAIN(豪華盤)(HiGH&LOWオリジナルB2ポスター付) [Blu-ray],Amazon.co.jp,,5540,2017/04/05,
B01N4IBTLT,半世紀 No.5(初回生産限定盤)(DVD付),Amazon.co.jp,4547366292008,3072,2017/03/08,
B01N6IXXLO,Animelo Summer Live 2016 刻-TOKI- 8.27 [Blu-ray],Amazon.co.jp,4988003843557,7068,2017/03/29,
B01MY979NC,Smile (初回限定盤) (2CD),Amazon.co.jp,4571295421451,3348,2017/02/14,
B06W9F4Y7L,"BEST SELECTION “noir""(初回生産限定盤A)(Blu-ray Disc付)",Amazon.co.jp,4547366299762,3233,2017/05/03,
